Date;Time;Open;High;Low;Close;Volume
01/05/2024;10:20:00;17421.75;17427.5;17417.5;17420;1323
01/05/2024;10:21:00;17420.25;17433.75;17420.25;17432;1461
01/05/2024;10:22:00;17432.25;17445.25;17430;17442.5;1381
01/05/2024;10:23:00;17442.5;17447.25;17441.5;17443;953
01/05/2024;10:24:00;17443.25;17446;17439;17440;738
01/05/2024;10:25:00;17440.5;17444;17435.5;17440;886
01/05/2024;10:26:00;17440;17444.75;17438;17444.5;615
01/05/2024;10:27:00;17444.5;17453.75;17444.5;17449.75;1234
01/05/2024;10:28:00;17449.75;17452;17445.5;17449.5;627
01/05/2024;10:29:00;17449.75;17452.25;17443.25;17452.25;732
01/05/2024;10:30:00;17452;17456.5;17447.25;17452.25;1034
01/05/2024;10:31:00;17452.75;17455.75;17448.75;17450.75;799
01/05/2024;10:32:00;17451;17457.25;17444.25;17454.5;813
01/05/2024;10:33:00;17454.5;17456.25;17448.75;17455;554
01/05/2024;10:34:00;17454.75;17464;17454.75;17462.25;1240
01/05/2024;10:35:00;17462;17465.25;17458;17461.5;789
01/05/2024;10:36:00;17462;17464;17455.5;17458.75;905
01/05/2024;10:37:00;17459;17463.25;17457;17461.25;594
01/05/2024;10:38:00;17461.75;17468.25;17461.25;17462.25;729
01/05/2024;10:39:00;17462;17468.5;17460.5;17468.25;667
01/05/2024;10:40:00;17468.25;17477;17466.5;17471.5;1044
01/05/2024;10:41:00;17471.25;17478.5;17470.25;17478.25;751
01/05/2024;10:42:00;17478.25;17480.5;17472.25;17475.25;760
01/05/2024;10:43:00;17475;17480.75;17471.25;17473.5;753
01/05/2024;10:44:00;17474;17482.5;17474;17477;908
01/05/2024;10:45:00;17477.25;17479;17473.25;17474;622
01/05/2024;10:46:00;17474;17478.25;17470;17477.25;754
01/05/2024;10:47:00;17476.75;17477.25;17461.75;17463.25;934
01/05/2024;10:48:00;17462.75;17466.5;17458;17460;887
01/05/2024;10:49:00;17459.25;17462.5;17454.5;17455;996
01/05/2024;10:50:00;17455;17458.25;17453;17454.25;1359
01/05/2024;10:51:00;17454;17455.25;17435.25;17438.5;2840
01/05/2024;10:52:00;17438.25;17439.5;17433;17438.25;1110
01/05/2024;10:53:00;17438.25;17442.75;17429.25;17434;1283
01/05/2024;10:54:00;17434.5;17438.75;17430.25;17434.25;961
01/05/2024;10:55:00;17434.5;17445.25;17433.5;17438.25;1048
01/05/2024;10:56:00;17438.25;17442;17434;17437.25;653
01/05/2024;10:57:00;17437;17437;17425;17426.5;1127
01/05/2024;10:58:00;17426.75;17431;17425.5;17426.25;778
01/05/2024;10:59:00;17426;17428.5;17420.25;17421.75;1148
01/05/2024;11:00:00;17421.75;17422;17399.25;17401;2845
01/05/2024;11:01:00;17401;17408.25;17399.25;17405.25;1365
01/05/2024;11:02:00;17405.25;17427;17404.25;17418.5;1909
01/05/2024;11:03:00;17418.5;17420;17415.25;17417.25;686
01/05/2024;11:04:00;17417.25;17430.5;17417.25;17428.75;995
01/05/2024;11:05:00;17428.5;17433;17425;17427;810
01/05/2024;11:06:00;17427;17432;17426.25;17431.75;536
01/05/2024;11:07:00;17431.5;17434.5;17428.5;17429;538
01/05/2024;11:08:00;17429;17429.75;17419.25;17423.5;1070
01/05/2024;11:09:00;17423.25;17435.5;17422.75;17435.25;784
01/05/2024;11:10:00;17434.75;17443.75;17434.75;17442.5;1201
01/05/2024;11:11:00;17442.5;17449;17441.25;17448.25;905
01/05/2024;11:12:00;17448.5;17455.75;17447.5;17455.5;1037
01/05/2024;11:13:00;17455.75;17460;17451;17458;1058
01/05/2024;11:14:00;17457.5;17458.5;17450.5;17455.75;751
01/05/2024;11:15:00;17456;17457.5;17449;17455.75;849
01/05/2024;11:16:00;17455.25;17461.75;17453.5;17455.75;643
01/05/2024;11:17:00;17456.25;17465;17455.75;17461.75;844
01/05/2024;11:18:00;17461.75;17465.75;17452.75;17456.75;905
01/05/2024;11:19:00;17457;17459;17444.25;17449.75;946
01/05/2024;11:20:00;17449;17454.5;17446;17450;706
01/05/2024;11:21:00;17450.25;17457.25;17449.75;17451.5;636
01/05/2024;11:22:00;17451.25;17456.5;17449.75;17454.5;598
01/05/2024;11:23:00;17454.75;17462.5;17450.75;17453.25;832
01/05/2024;11:24:00;17453.75;17456;17447.25;17449.5;488
01/05/2024;11:25:00;17449.5;17456;17449.5;17454;452
01/05/2024;11:26:00;17453.5;17457.5;17452.5;17455;533
01/05/2024;11:27:00;17455.5;17456;17444.25;17449;612
01/05/2024;11:28:00;17449.25;17459;17449.25;17457;636
01/05/2024;11:29:00;17457;17467.25;17455.25;17463;819
01/05/2024;11:30:00;17462.25;17463.5;17455.75;17456.5;647
01/05/2024;11:31:00;17456.5;17460.5;17450.5;17454;735
01/05/2024;11:32:00;17454;17456.25;17443.5;17449.25;860
01/05/2024;11:33:00;17449;17453.5;17443.75;17448.25;510
01/05/2024;11:34:00;17448;17448.5;17439.75;17444.75;695
01/05/2024;11:35:00;17445;17454.75;17443;17454.5;699
01/05/2024;11:36:00;17454.5;17456.75;17449;17452.75;517
01/05/2024;11:37:00;17453.5;17453.75;17444.5;17448;526
01/05/2024;11:38:00;17447.75;17451.25;17444.25;17448.75;388
01/05/2024;11:39:00;17449.5;17449.5;17440.25;17445.5;520
01/05/2024;11:40:00;17445.5;17447.75;17436.5;17439.75;769
01/05/2024;11:41:00;17439.5;17445.5;17439.5;17445.5;511
01/05/2024;11:42:00;17445.75;17446.5;17433.5;17439.5;822
01/05/2024;11:43:00;17439.25;17442.5;17433;17441.5;503
01/05/2024;11:44:00;17442;17443;17433.75;17435.25;415
01/05/2024;11:45:00;17435.25;17442.25;17432.5;17436.25;616
01/05/2024;11:46:00;17436;17437.5;17432.25;17433.5;524
01/05/2024;11:47:00;17433.75;17439.75;17429.5;17433.75;780
01/05/2024;11:48:00;17433.5;17440.25;17430.25;17432.75;1229
01/05/2024;11:49:00;17433;17439.5;17429.5;17438;748
01/05/2024;11:50:00;17437.25;17438;17427.75;17428.25;762
01/05/2024;11:51:00;17428;17430.25;17421.5;17426.5;928
01/05/2024;11:52:00;17426.5;17437;17426.25;17435.5;918
01/05/2024;11:53:00;17435;17442.25;17432;17440.75;1227
01/05/2024;11:54:00;17440.25;17443.25;17437.25;17438;771
01/05/2024;11:55:00;17437.75;17441.75;17437.5;17440.75;587
01/05/2024;11:56:00;17441.25;17445;17437.25;17439.25;675
01/05/2024;11:57:00;17439;17440;17435;17437.5;503
01/05/2024;11:58:00;17437.75;17441;17434.75;17435.25;481
01/05/2024;11:59:00;17434.75;17437.75;17427;17433.5;1662
01/05/2024;12:00:00;17432.75;17438.75;17431.25;17433.25;525
01/05/2024;12:01:00;17433.75;17440.5;17429.75;17440;537
01/05/2024;12:02:00;17440;17446;17438.25;17438.75;590
01/05/2024;12:03:00;17438.75;17439.5;17432.75;17436.25;467
01/05/2024;12:04:00;17435.25;17436.5;17430;17434.25;267
01/05/2024;12:05:00;17433.25;17441.75;17432.75;17438.75;405
01/05/2024;12:06:00;17437.75;17439.25;17430;17434.5;501
01/05/2024;12:07:00;17434.75;17435.5;17430.25;17432.5;284
01/05/2024;12:08:00;17432.75;17435.75;17427;17433.75;528
01/05/2024;12:09:00;17433.25;17437.5;17431.5;17434;392
01/05/2024;12:10:00;17432.5;17438.75;17430.25;17435.5;407
01/05/2024;12:11:00;17434.5;17435.5;17425.5;17427.25;457
01/05/2024;12:12:00;17427.75;17429;17422;17425.5;595
01/05/2024;12:13:00;17426.5;17429.5;17423.75;17424.5;402
01/05/2024;12:14:00;17424;17426;17419;17420.5;726
01/05/2024;12:15:00;17420.75;17424;17415.75;17418.5;654
01/05/2024;12:16:00;17418;17425.75;17416.25;17425.25;462
01/05/2024;12:17:00;17425.25;17426.25;17416;17417.75;447
01/05/2024;12:18:00;17418.75;17419.25;17413;17414;483
01/05/2024;12:19:00;17414;17417.75;17413.75;17413.75;301
01/05/2024;12:20:00;17413.25;17423.75;17413;17422;591
01/05/2024;12:21:00;17422;17432;17419;17430.25;724
01/05/2024;12:22:00;17430.75;17443;17429.5;17441.75;988
01/05/2024;12:23:00;17441.5;17450.25;17439.75;17448.75;898
01/05/2024;12:24:00;17448.5;17449.75;17443.75;17447.75;594
01/05/2024;12:25:00;17447.5;17448.25;17439;17439;492
01/05/2024;12:26:00;17439;17440.75;17436.25;17439.5;450
01/05/2024;12:27:00;17438.5;17443.75;17435.5;17443.75;437
01/05/2024;12:28:00;17443.75;17448.5;17441.25;17447.75;591
01/05/2024;12:29:00;17448;17452;17446.5;17448.75;477
01/05/2024;12:30:00;17449;17453;17447.5;17449;756
01/05/2024;12:31:00;17449.25;17451.5;17443.75;17445.5;532
01/05/2024;12:32:00;17446;17451.75;17442.75;17451.75;339
01/05/2024;12:33:00;17451.75;17456;17449.5;17455.5;509
01/05/2024;12:34:00;17455.5;17458.75;17450.25;17458.5;562
01/05/2024;12:35:00;17458.25;17462.25;17456.75;17458.25;506
01/05/2024;12:36:00;17458.5;17466.5;17455.5;17465.75;633
01/05/2024;12:37:00;17465.75;17474.25;17465.5;17473;965
01/05/2024;12:38:00;17473.25;17473.75;17461;17464;594
01/05/2024;12:39:00;17463.75;17463.75;17454.5;17455;464
01/05/2024;12:40:00;17455;17457.75;17448.75;17453;773
01/05/2024;12:41:00;17453.5;17454;17442.5;17450.5;787
01/05/2024;12:42:00;17450;17450.5;17443.25;17444.25;539
01/05/2024;12:43:00;17443.75;17450;17441.25;17444;560
01/05/2024;12:44:00;17443.5;17448;17443;17445;306
01/05/2024;12:45:00;17445.25;17449.5;17443.75;17449.25;335
01/05/2024;12:46:00;17449.5;17457.75;17449;17456.5;659
01/05/2024;12:47:00;17456.25;17459.25;17452.25;17458.75;322
01/05/2024;12:48:00;17458.75;17468;17458;17467.5;596
01/05/2024;12:49:00;17468;17468.25;17461;17462.75;813
01/05/2024;12:50:00;17463.25;17463.25;17458.25;17462;468
01/05/2024;12:51:00;17461.75;17465.25;17457;17462.75;696
01/05/2024;12:52:00;17462.25;17466.5;17460;17465;528
01/05/2024;12:53:00;17465;17470.5;17464.25;17468.5;1205
01/05/2024;12:54:00;17468.75;17471.75;17465.5;17471.25;434
01/05/2024;12:55:00;17471.25;17474.75;17466.75;17467.5;517
01/05/2024;12:56:00;17467;17468.25;17465;17468.25;297
01/05/2024;12:57:00;17468;17469.75;17460;17462.75;339
01/05/2024;12:58:00;17462.25;17466.75;17460;17465;339
01/05/2024;12:59:00;17465;17471.5;17461.75;17468.5;376
01/05/2024;13:00:00;17469.25;17516.25;17457.25;17509.75;4243
01/05/2024;13:01:00;17510;17516.25;17462.25;17475;4886
01/05/2024;13:02:00;17474;17504.75;17472.25;17499.5;4122
01/05/2024;13:03:00;17499.75;17500.5;17474.25;17492.5;2146
01/05/2024;13:04:00;17491.75;17522;17490.75;17518;3610
01/05/2024;13:05:00;17517.5;17528;17480.25;17504.25;3898
01/05/2024;13:06:00;17504.5;17515;17491.25;17496.75;2203
01/05/2024;13:07:00;17496.75;17515.25;17486;17490.75;1931
01/05/2024;13:08:00;17491.25;17506.25;17483.5;17506;2099
01/05/2024;13:09:00;17506.75;17509;17480.75;17488.25;1682
01/05/2024;13:10:00;17487.75;17492;17467.25;17468.5;2152
01/05/2024;13:11:00;17467.75;17480.25;17460.25;17478;2197
01/05/2024;13:12:00;17478.25;17489;17473.25;17488;1145
01/05/2024;13:13:00;17488;17498.5;17484.75;17485.25;1020
01/05/2024;13:14:00;17485.25;17498;17483.25;17484.25;982
01/05/2024;13:15:00;17484.25;17501.25;17482.5;17486;1199
01/05/2024;13:16:00;17486;17494;17483.5;17494;804
01/05/2024;13:17:00;17494;17494.75;17480.5;17483;861
01/05/2024;13:18:00;17483;17490;17476.75;17489;997
01/05/2024;13:19:00;17489.25;17501.5;17482;17494.75;1338
01/05/2024;13:20:00;17495;17506;17490.25;17496.5;1224
01/05/2024;13:21:00;17496.75;17502.5;17492.25;17497.25;809
01/05/2024;13:22:00;17496;17501.5;17480.75;17487.25;1058
01/05/2024;13:23:00;17487.5;17505.75;17481.5;17502.75;1425
01/05/2024;13:24:00;17502;17502.75;17493;17499.25;709
01/05/2024;13:25:00;17500;17511.5;17493.5;17506.75;1111
01/05/2024;13:26:00;17507.75;17534.5;17505.5;17529.5;2973
01/05/2024;13:27:00;17529.5;17543.5;17523.75;17541.75;2572
01/05/2024;13:28:00;17541.25;17553;17538;17552.75;1658
01/05/2024;13:29:00;17552.75;17566;17550.25;17558.5;1987
01/05/2024;13:30:00;17558.75;17565.5;17548;17552.25;2107
01/05/2024;13:31:00;17552.5;17555.25;17490.5;17497.5;4326
01/05/2024;13:32:00;17498.75;17509.5;17464.75;17505.5;4935
01/05/2024;13:33:00;17506;17550.25;17491.25;17540.5;3753
01/05/2024;13:34:00;17541;17563.75;17533.5;17549;4229
01/05/2024;13:35:00;17549;17551.75;17476.25;17510.75;7652
01/05/2024;13:36:00;17511;17556.25;17501;17546.25;3965
01/05/2024;13:37:00;17545.5;17550.75;17517.5;17543.5;3221
01/05/2024;13:38:00;17543.5;17590.25;17543.5;17579.5;6176
01/05/2024;13:39:00;17579.25;17620.25;17566;17606;4826
01/05/2024;13:40:00;17605.25;17649.5;17590.5;17641;5199
01/05/2024;13:41:00;17640.5;17677.25;17624.25;17670.25;7531
01/05/2024;13:42:00;17670;17683.25;17656.5;17675;4446
01/05/2024;13:43:00;17675.25;17690.75;17653.75;17675.75;4865
01/05/2024;13:44:00;17675.25;17723.5;17671.25;17721.75;5634
01/05/2024;13:45:00;17720.5;17731.5;17676;17680.25;4650
01/05/2024;13:46:00;17681.25;17695.75;17666.5;17673.25;3047
01/05/2024;13:47:00;17673.5;17682.5;17643;17682.25;4091
01/05/2024;13:48:00;17682.25;17705.75;17674;17681;3282
01/05/2024;13:49:00;17681.25;17699.5;17669.5;17691.75;2740
01/05/2024;13:50:00;17691.75;17726.25;17691.75;17708.75;3819
01/05/2024;13:51:00;17709;17721.25;17690.5;17710.75;2801
01/05/2024;13:52:00;17711.5;17730;17695.75;17703.25;3185
01/05/2024;13:53:00;17704;17726;17690.75;17711;2710
01/05/2024;13:54:00;17711.5;17735.25;17705;17730;2617
01/05/2024;13:55:00;17730.25;17742;17716.25;17719.75;3125
01/05/2024;13:56:00;17720;17734;17695;17729.5;2621
01/05/2024;13:57:00;17730;17744.25;17714.5;17728.25;2527
01/05/2024;13:58:00;17729.25;17750.75;17727.5;17745.25;2782
01/05/2024;13:59:00;17744.75;17752;17727.75;17752;2217
01/05/2024;14:00:00;17751;17789;17750.75;17774.75;5431
01/05/2024;14:01:00;17775.25;17784.25;17766;17779;2109
01/05/2024;14:02:00;17779.75;17793.25;17749.5;17751.25;3396
01/05/2024;14:03:00;17750.5;17761.75;17741.5;17759.75;4099
01/05/2024;14:04:00;17759.25;17769.75;17725;17728;3178
01/05/2024;14:05:00;17728.25;17748.75;17705;17738;4702
01/05/2024;14:06:00;17739;17750.75;17724;17728.5;2212
01/05/2024;14:07:00;17728.5;17750.25;17727.25;17737;1801
01/05/2024;14:08:00;17738;17774.5;17735;17772.5;2726
01/05/2024;14:09:00;17772.5;17773.75;17751;17760.5;1744
01/05/2024;14:10:00;17760.75;17774;17748;17750.5;1863
01/05/2024;14:11:00;17751.5;17763.5;17730.75;17735.5;2103
01/05/2024;14:12:00;17736;17749;17721;17745;1971
01/05/2024;14:13:00;17745.5;17768.5;17738.75;17760;2153
01/05/2024;14:14:00;17759;17770.25;17752;17759.5;1897
01/05/2024;14:15:00;17758.75;17776.5;17749.25;17755.5;2412
01/05/2024;14:16:00;17755.5;17773.5;17745.5;17758;1890
01/05/2024;14:17:00;17758.5;17763;17744.5;17757;1980
01/05/2024;14:18:00;17757.25;17769.75;17748.75;17759;1698
01/05/2024;14:19:00;17760;17764.5;17738.75;17744;1647
01/05/2024;14:20:00;17744;17744;17703.25;17715;2687
01/05/2024;14:21:00;17715.25;17721.75;17692.75;17701.5;2698
01/05/2024;14:22:00;17702.5;17709.25;17675.25;17688;2580
01/05/2024;14:23:00;17688.5;17730;17683;17729.5;2826
01/05/2024;14:24:00;17729.75;17751;17719;17740.5;2996
01/05/2024;14:25:00;17740.5;17740.5;17723;17738.75;1097
01/05/2024;14:26:00;17739;17757.75;17731.25;17748.5;1678
01/05/2024;14:27:00;17748.75;17764;17745.25;17748.25;1219
01/05/2024;14:28:00;17748;17755;17725.75;17727.25;1409
01/05/2024;14:29:00;17727;17727;17705.25;17717;1603
01/05/2024;14:30:00;17717.75;17717.75;17681;17687.5;2523
01/05/2024;14:31:00;17686.5;17700;17664;17670.75;2146
01/05/2024;14:32:00;17671.5;17671.5;17631.25;17636.5;4025
01/05/2024;14:33:00;17636.5;17673.25;17628.5;17662;5545
01/05/2024;14:34:00;17661.25;17673.75;17640;17645;2781
01/05/2024;14:35:00;17645.5;17646.5;17615.75;17627.5;2772
01/05/2024;14:36:00;17629;17633.75;17604.25;17613;2474
01/05/2024;14:37:00;17613.75;17623.25;17607.75;17619.5;2386
01/05/2024;14:38:00;17619.25;17620.5;17577.75;17580.25;2907
01/05/2024;14:39:00;17581.25;17585.25;17535.75;17566.75;6010
01/05/2024;14:40:00;17566;17602;17554;17602;5250
01/05/2024;14:41:00;17600.5;17606;17562.75;17571;2891
01/05/2024;14:42:00;17571.25;17571.5;17541;17551.25;2144
01/05/2024;14:43:00;17551.75;17564;17540.25;17547.5;3127
01/05/2024;14:44:00;17547.5;17572.25;17540.75;17567.75;1635
01/05/2024;14:45:00;17567.5;17583.25;17550.25;17578.5;2386
01/05/2024;14:46:00;17578.75;17604.25;17571.5;17592.25;2220
01/05/2024;14:47:00;17591.5;17599;17564.25;17567.75;1836
01/05/2024;14:48:00;17567;17570;17546.25;17563.25;1460
01/05/2024;14:49:00;17563.75;17576;17549;17576;1260
01/05/2024;14:50:00;17574;17574.25;17535;17536;2401
01/05/2024;14:51:00;17536.5;17551.25;17509.5;17509.5;3100
01/05/2024;14:52:00;17509.5;17513.25;17487.25;17512.25;5447
01/05/2024;14:53:00;17512.75;17513.5;17484.5;17493;1897
01/05/2024;14:54:00;17494;17500.5;17466;17468.25;2494
01/05/2024;14:55:00;17469.25;17483.75;17445.5;17463.75;4498
01/05/2024;14:56:00;17463;17470.5;17451.5;17462.75;1926
01/05/2024;14:57:00;17463.25;17463.25;17443.25;17453;1664
01/05/2024;14:58:00;17453;17466.25;17449.75;17451.75;3083
01/05/2024;14:59:00;17452;17462.25;17425.25;17431.5;8176
01/05/2024;15:00:00;17432;17462.25;17431.5;17457.75;6402
01/05/2024;15:01:00;17457.25;17482.75;17453.75;17474;2680
01/05/2024;15:02:00;17474.25;17490.75;17461.75;17466.25;2254
01/05/2024;15:03:00;17466.25;17476.5;17463.75;17475.75;1103
01/05/2024;15:04:00;17476.5;17481.5;17469;17475;1277
01/05/2024;15:05:00;17475.5;17481.5;17473.25;17476.25;1341
01/05/2024;15:06:00;17477;17477.75;17466;17467.5;1191
01/05/2024;15:07:00;17468;17473.25;17467.5;17469.75;474
01/05/2024;15:08:00;17469.25;17478.25;17468.5;17473.75;572
01/05/2024;15:09:00;17473.5;17476;17469;17472;656
01/05/2024;15:10:00;17472;17473.25;17466.75;17469.5;412
01/05/2024;15:11:00;17469.5;17469.5;17454.5;17459.25;581
01/05/2024;15:12:00;17459.25;17465;17456.25;17458.5;355
01/05/2024;15:13:00;17459;17462.5;17452.5;17455;396
01/05/2024;15:14:00;17454.75;17463.5;17454.75;17459.75;328
01/05/2024;15:15:00;17460.5;17460.5;17450;17456;329
01/05/2024;15:16:00;17453.75;17456;17445.25;17452;406
01/05/2024;15:17:00;17452.5;17462.75;17449.25;17459.75;415
01/05/2024;15:18:00;17459.5;17461.25;17457;17461.25;216
01/05/2024;15:19:00;17460.25;17463;17458.5;17460.5;102
01/05/2024;15:20:00;17460.25;17463;17456.5;17457;157
01/05/2024;15:21:00;17456.25;17463;17455;17456.75;191
01/05/2024;15:22:00;17457.25;17459.75;17453;17457.75;124
01/05/2024;15:23:00;17457.5;17459;17455.75;17457.5;75
01/05/2024;15:24:00;17457;17472.25;17457;17464.75;474
01/05/2024;15:25:00;17464.75;17466.25;17460.5;17465.25;116
01/05/2024;15:26:00;17465.25;17465.5;17460.25;17462.5;86
01/05/2024;15:27:00;17461.75;17464.75;17460.75;17462.5;132
01/05/2024;15:28:00;17461.5;17464.25;17460.25;17462.25;79
01/05/2024;15:29:00;17462;17464;17460;17462.75;78
01/05/2024;15:30:00;17462;17463.75;17458.5;17460;134
01/05/2024;15:31:00;17459;17460.25;17454.75;17454.75;116
01/05/2024;15:32:00;17454.5;17454.75;17449;17453.5;149
01/05/2024;15:33:00;17454.75;17455;17447;17449.25;140
01/05/2024;15:34:00;17449.75;17451.75;17446.75;17450;90
01/05/2024;15:35:00;17450;17450;17445;17448.5;133
01/05/2024;15:36:00;17450;17453.75;17448.75;17452.5;91
01/05/2024;15:37:00;17453;17463.75;17453;17460;371
01/05/2024;15:38:00;17459.75;17460.25;17449;17452.75;128
01/05/2024;15:39:00;17453;17454.75;17450.75;17450.75;91
01/05/2024;15:40:00;17450.25;17456.75;17450;17453;124
01/05/2024;15:41:00;17452;17452.75;17450;17451.25;67
01/05/2024;15:42:00;17452.5;17455.25;17451.25;17454;127
01/05/2024;15:43:00;17454.5;17454.75;17452.75;17454.25;65
01/05/2024;15:44:00;17453.5;17459.25;17451;17458;128
01/05/2024;15:45:00;17459.25;17463.5;17457.75;17459.25;159
01/05/2024;15:46:00;17458.25;17472.5;17458;17470;427
01/05/2024;15:47:00;17469.75;17471;17466.75;17467.5;107
01/05/2024;15:48:00;17466.75;17469.25;17463;17463.75;56
01/05/2024;15:49:00;17463.75;17471.25;17463.25;17470;241
01/05/2024;15:50:00;17470.75;17473.5;17469;17470.75;152
01/05/2024;15:51:00;17471.75;17472.25;17469.5;17471.5;73
01/05/2024;15:52:00;17469.5;17473;17469.5;17471;44
01/05/2024;15:53:00;17470.75;17477;17470;17476;157
01/05/2024;15:54:00;17475.75;17477;17473.5;17475;182
01/05/2024;15:55:00;17475;17481.75;17473.5;17478;397
01/05/2024;15:56:00;17479;17479.75;17477;17478.5;64
01/05/2024;15:57:00;17478;17479;17475.75;17477;136
01/05/2024;15:58:00;17477.25;17480.5;17476.75;17478.5;148
01/05/2024;15:59:00;17479.25;17479.75;17474.5;17474.75;119
01/05/2024;17:00:00;17487;17514.75;17487;17491;749
01/05/2024;17:01:00;17491;17495.25;17487.5;17492.75;200
01/05/2024;17:02:00;17493.25;17493.25;17488.25;17488.75;97
01/05/2024;17:03:00;17490;17500.75;17489.75;17499.75;226
01/05/2024;17:04:00;17499.5;17504;17497.25;17498.25;179
01/05/2024;17:05:00;17497.5;17502;17496.5;17500.25;132
01/05/2024;17:06:00;17500.5;17506.75;17498.75;17504.25;146
01/05/2024;17:07:00;17504.25;17514;17503;17510.75;342
01/05/2024;17:08:00;17510.25;17511.25;17508;17509;118
01/05/2024;17:09:00;17508.5;17510.5;17499;17499;191
01/05/2024;17:10:00;17498.75;17500;17492;17495.25;141
01/05/2024;17:11:00;17495.5;17496.5;17493.75;17495.5;54
01/05/2024;17:12:00;17495.25;17503;17495.25;17501.5;102
01/05/2024;17:13:00;17501.5;17503;17500.75;17502.25;45
01/05/2024;17:14:00;17502;17505.5;17502;17505.25;67
01/05/2024;17:15:00;17505;17506.25;17503.25;17505.5;150
01/05/2024;17:16:00;17506.5;17506.5;17505.25;17506.25;38
01/05/2024;17:17:00;17506;17506.25;17499.75;17501.25;113
01/05/2024;17:18:00;17500.75;17501;17492.75;17492.75;146
01/05/2024;17:19:00;17493.25;17497.75;17493;17496.5;91
01/05/2024;17:20:00;17497.75;17502;17495.5;17500.75;51
01/05/2024;17:21:00;17500.5;17501.75;17497.5;17498;67
01/05/2024;17:22:00;17497.25;17503;17497.25;17501.25;48
01/05/2024;17:23:00;17502;17502.25;17500.25;17500.75;34
01/05/2024;17:24:00;17500.5;17500.5;17498;17499;43
01/05/2024;17:25:00;17498.25;17504;17498.25;17502.5;65
01/05/2024;17:26:00;17502;17504;17501.5;17504;23
01/05/2024;17:27:00;17503.75;17505.5;17503;17504;48
01/05/2024;17:28:00;17504.25;17504.25;17500.75;17501.75;35
01/05/2024;17:29:00;17501.75;17502.75;17500;17501;28
01/05/2024;17:30:00;17500.25;17502.5;17500.25;17501;24
01/05/2024;17:31:00;17500.75;17501.5;17498.75;17501.25;46
01/05/2024;17:32:00;17501;17506;17501;17503.25;125
01/05/2024;17:33:00;17502.75;17502.75;17500;17500;34
01/05/2024;17:34:00;17500;17500.25;17494.25;17495.75;130
01/05/2024;17:35:00;17495.5;17501.75;17490.5;17501.25;172
01/05/2024;17:36:00;17502;17504.25;17500;17500.75;141
01/05/2024;17:37:00;17501;17503.5;17499.5;17501.5;85
01/05/2024;17:38:00;17502.75;17504;17501.75;17502.5;40
01/05/2024;17:39:00;17502.5;17503.75;17501.5;17502.5;96
01/05/2024;17:40:00;17503;17503.75;17501.5;17503.25;26
01/05/2024;17:41:00;17503;17503;17498.5;17498.75;93
01/05/2024;17:42:00;17499.5;17499.75;17497.5;17499;32
01/05/2024;17:43:00;17498.25;17499.5;17498.25;17499.5;22
01/05/2024;17:44:00;17500;17501.75;17500;17501.75;36
01/05/2024;17:45:00;17501.5;17503.5;17500;17501;74
01/05/2024;17:46:00;17501.25;17501.75;17500.75;17501;10
01/05/2024;17:47:00;17501;17501.75;17500.5;17501.75;11
01/05/2024;17:48:00;17502;17503.5;17501.75;17502.25;16
01/05/2024;17:49:00;17501.5;17501.5;17497.5;17500.75;107
01/05/2024;17:50:00;17500.75;17501;17500;17500.25;11
01/05/2024;17:51:00;17499.5;17499.5;17497.25;17498;24
01/05/2024;17:52:00;17498.75;17499.5;17497.5;17499.5;22
01/05/2024;17:53:00;17499;17501.5;17498.75;17501;34
01/05/2024;17:54:00;17501.5;17502.5;17501;17502.25;17
01/05/2024;17:55:00;17502.5;17503;17501;17501.5;33
01/05/2024;17:56:00;17501.25;17503.5;17501.25;17502.25;46
01/05/2024;17:57:00;17501.5;17502.75;17501.25;17502.75;11
01/05/2024;17:58:00;17502;17502.25;17500.25;17501.75;26
01/05/2024;17:59:00;17501.5;17502;17500.25;17501.75;23
01/05/2024;18:00:00;17501.75;17504.5;17501.25;17504.25;70
01/05/2024;18:01:00;17504;17504;17499;17501;131
01/05/2024;18:02:00;17500.25;17504.5;17500.25;17503;28
01/05/2024;18:03:00;17502.75;17503;17500.25;17502.5;100
01/05/2024;18:04:00;17503.5;17503.5;17502;17502;11
01/05/2024;18:05:00;17502.5;17504;17501.25;17504;17
01/05/2024;18:06:00;17503.5;17504.25;17500.5;17500.5;122
01/05/2024;18:07:00;17501;17502.5;17499.75;17501;55
01/05/2024;18:08:00;17500.75;17500.75;17496.25;17498;109
01/05/2024;18:09:00;17498;17499.25;17497.5;17497.75;21
01/05/2024;18:10:00;17497;17498.5;17495.25;17498.5;70
01/05/2024;18:11:00;17498.5;17499.75;17498.5;17498.5;27
01/05/2024;18:12:00;17498.5;17501.5;17498.5;17501;24
01/05/2024;18:13:00;17500.75;17502.25;17500;17501.25;39
01/05/2024;18:14:00;17501.5;17503;17500.5;17500.5;48
01/05/2024;18:15:00;17499.75;17500.25;17498.5;17500;18
01/05/2024;18:16:00;17500;17500.25;17499.25;17499.75;20
01/05/2024;18:17:00;17499.5;17501.5;17499;17501.5;27
01/05/2024;18:18:00;17501.5;17501.5;17499.5;17501.5;10
01/05/2024;18:19:00;17500.75;17501.25;17500;17500.75;9
01/05/2024;18:20:00;17500.5;17500.5;17499.25;17500.5;9
01/05/2024;18:21:00;17499.5;17500.5;17498.75;17499.25;17
01/05/2024;18:22:00;17498;17499;17497.75;17498.75;21
01/05/2024;18:23:00;17498.75;17500.25;17497.5;17499.5;30
01/05/2024;18:24:00;17500;17500.5;17498.5;17498.5;20
01/05/2024;18:25:00;17499;17499.5;17495.5;17495.5;44
01/05/2024;18:26:00;17495.5;17500;17495.5;17498.75;86
01/05/2024;18:27:00;17498;17500.25;17498;17499.75;43
01/05/2024;18:28:00;17498.75;17499.5;17498.5;17499.5;12
01/05/2024;18:29:00;17500;17501.5;17500;17500.25;41
01/05/2024;18:30:00;17499.75;17501.75;17499;17501;50
01/05/2024;18:31:00;17500.25;17501.25;17499;17499.25;55
01/05/2024;18:32:00;17499;17500.5;17498.5;17500.5;16
01/05/2024;18:33:00;17501;17507.25;17501;17506;159
01/05/2024;18:34:00;17504.75;17517;17504.75;17509;334
01/05/2024;18:35:00;17509.75;17514;17509.5;17513.75;58
01/05/2024;18:36:00;17513.5;17516.75;17513;17515.5;93
01/05/2024;18:37:00;17516.25;17516.5;17513;17513.5;53
01/05/2024;18:38:00;17513;17513.75;17512.25;17513;69
01/05/2024;18:39:00;17512;17513.5;17512;17513.5;15
01/05/2024;18:40:00;17513.25;17514;17512.5;17513.75;34
01/05/2024;18:41:00;17513.75;17514.5;17513.25;17513.75;41
01/05/2024;18:42:00;17513;17515;17512.75;17513.25;46
01/05/2024;18:43:00;17513.25;17513.25;17511.5;17511.75;50
01/05/2024;18:44:00;17512;17524.5;17512;17523.25;264
01/05/2024;18:45:00;17522.25;17526.75;17521.75;17526.75;151
01/05/2024;18:46:00;17526;17528;17524.75;17526.5;101
01/05/2024;18:47:00;17526;17531;17525.5;17526.5;116
01/05/2024;18:48:00;17528;17528.5;17525.75;17528.25;42
01/05/2024;18:49:00;17528.75;17531.75;17528;17530.5;71
01/05/2024;18:50:00;17530.25;17533.5;17527.75;17528.75;167
01/05/2024;18:51:00;17528.75;17529.75;17525;17526.25;158
01/05/2024;18:52:00;17526.25;17527.5;17524.5;17526.75;74
01/05/2024;18:53:00;17527;17529.25;17526.25;17526.75;74
01/05/2024;18:54:00;17526.25;17527.75;17525;17527.25;95
01/05/2024;18:55:00;17527.5;17531.75;17527.5;17531;123
01/05/2024;18:56:00;17530;17532;17529.75;17530.75;76
01/05/2024;18:57:00;17530.5;17531.75;17529.75;17529.75;46
01/05/2024;18:58:00;17529;17530.5;17528.25;17528.5;36
01/05/2024;18:59:00;17528.75;17530.5;17527.5;17530;57
01/05/2024;19:00:00;17530.25;17533.25;17528.75;17532;142
01/05/2024;19:01:00;17531;17536;17531;17533;233
01/05/2024;19:02:00;17533.75;17536;17532.25;17534;99
01/05/2024;19:03:00;17534.25;17536;17534.25;17534.75;48
01/05/2024;19:04:00;17534.5;17540;17533.25;17535.5;214
01/05/2024;19:05:00;17535.5;17536.75;17534.75;17535;70
01/05/2024;19:06:00;17536.25;17536.25;17532;17532;73
01/05/2024;19:07:00;17531.75;17535.25;17530.5;17533.25;95
01/05/2024;19:08:00;17532.75;17533.5;17531.5;17533;62
01/05/2024;19:09:00;17532.25;17534.5;17531.25;17531.25;41
01/05/2024;19:10:00;17531;17531;17525;17525.5;206
01/05/2024;19:11:00;17525.25;17526.25;17523;17525.5;121
01/05/2024;19:12:00;17526.5;17526.5;17523.75;17525.5;36
01/05/2024;19:13:00;17525;17527;17525;17526.75;26
01/05/2024;19:14:00;17526;17526.75;17524.5;17525.25;28
01/05/2024;19:15:00;17526.25;17529;17525.25;17528.25;79
01/05/2024;19:16:00;17528.5;17529.75;17526;17527.5;103
01/05/2024;19:17:00;17527;17527.5;17525.5;17526.5;35
01/05/2024;19:18:00;17526;17530.25;17525.75;17529;52
01/05/2024;19:19:00;17529.75;17530;17526.75;17527.25;37
01/05/2024;19:20:00;17527.25;17528.25;17527.25;17527.75;21
01/05/2024;19:21:00;17527.5;17527.5;17523.75;17524.25;54
01/05/2024;19:22:00;17523.75;17524.25;17520.25;17520.25;106
01/05/2024;19:23:00;17520.75;17520.75;17518;17520.25;138
01/05/2024;19:24:00;17520.5;17520.5;17516.75;17518;97
01/05/2024;19:25:00;17517.5;17520.5;17517.5;17520;37
01/05/2024;19:26:00;17519.25;17519.75;17517.75;17519;39
01/05/2024;19:27:00;17519.25;17524.75;17519;17524.5;73
01/05/2024;19:28:00;17524.75;17526.75;17524.75;17524.75;93
01/05/2024;19:29:00;17524.75;17524.75;17523.25;17524.25;27
01/05/2024;19:30:00;17524.5;17525.75;17524.25;17525.75;42
01/05/2024;19:31:00;17524.75;17525;17523;17524.5;40
01/05/2024;19:32:00;17523.5;17527.25;17523.5;17526.25;114
01/05/2024;19:33:00;17526;17526;17524;17525.25;55
01/05/2024;19:34:00;17525.25;17527;17525.25;17526.5;39
01/05/2024;19:35:00;17527;17529.25;17526.75;17528.25;68
01/05/2024;19:36:00;17527.75;17529.25;17527.5;17529;29
01/05/2024;19:37:00;17529.5;17535.25;17529.5;17534.75;158
01/05/2024;19:38:00;17534;17539;17532.75;17538.25;174
01/05/2024;19:39:00;17537.5;17539;17536;17536.75;139
01/05/2024;19:40:00;17536.75;17537.25;17531.5;17532.5;317
01/05/2024;19:41:00;17532.5;17535.25;17530.25;17534;111
01/05/2024;19:42:00;17533.75;17534;17532.5;17533.25;23
01/05/2024;19:43:00;17533.5;17535.75;17533.5;17535.25;47
01/05/2024;19:44:00;17535.25;17536;17533.5;17533.5;44
01/05/2024;19:45:00;17535;17538;17535;17537.25;104
01/05/2024;19:46:00;17537.75;17538.25;17535.5;17537.25;115
01/05/2024;19:47:00;17537;17539.25;17536.5;17536.75;56
01/05/2024;19:48:00;17536;17537.5;17535;17537.25;63
01/05/2024;19:49:00;17537;17540.5;17536;17538.25;136
01/05/2024;19:50:00;17539.5;17542;17538;17538.25;182
